commit_id,timestamp,module_name,files_changed,loc_added,loc_deleted
698a404,2026-07-01,ALU,alu_mul.v,27,8
698a404,2026-07-01,Decoder,inst_decode.v,9,4
93e2744,2026-07-03,ControlUnit,power_ctrl.v,4,10
93e2744,2026-07-03,Cache,tag_array.v,25,21
4682e46,2026-07-04,DMA,dma_ctrl.v,28,17
004fac1,2026-07-04,ControlUnit,fsm.v,23,8
dcec0ad,2026-07-05,Cache,cache_ctrl.v,30,16
570d6cf,2026-07-06,DMA,dma_ctrl.v,14,16
570d6cf,2026-07-06,BranchUnit,branch_unit.v,18,1
0d2242a,2026-07-07,FIFO,fifo.v,16,0
1fc4399,2026-07-08,AXI,axi_arbiter.v,25,0
8f362a6,2026-07-08,ControlUnit,fsm.v,17,2
8f362a6,2026-07-08,DMA,desc_fetch.v,5,7
736ba3d,2026-07-09,FIFO,fifo.v,0,15
aa7ba10,2026-07-10,ControlUnit,ctrl_unit.v,23,12
790429b,2026-07-10,FIFO,fifo.v,28,7
11d6f99,2026-07-11,BranchUnit,bht.v,43,25
11d6f99,2026-07-11,FIFO,fifo_sync.v,22,5
c24651a,2026-07-12,Cache,cache.v,2,23
c24651a,2026-07-12,Decoder,decoder.v,24,3
bc6ac99,2026-07-13,ALU,alu_div.v,32,13
bc6ac99,2026-07-13,ControlUnit,ctrl_unit.v,10,3
451758d,2026-07-14,ALU,alu.v,27,13
1cdd0d7,2026-07-14,FIFO,fifo_sync.v,18,5
26f3750,2026-07-14,FIFO,fifo.v,21,9
b066caf,2026-07-14,AXI,axi_master.v,35,12
ada1bbd,2026-07-15,BranchUnit,branch_unit.v,36,13
7be96ac,2026-07-15,BranchUnit,btb.v,13,5
8be9595,2026-07-17,Decoder,inst_decode.v,12,2
8be9595,2026-07-17,BranchUnit,bht.v,19,3
54659ca,2026-07-17,BranchUnit,btb.v,36,7
d3deb6d,2026-07-19,Cache,cache_ctrl.v,34,3
d3deb6d,2026-07-19,ALU,alu_div.v,34,12
720f7d6,2026-07-19,ALU,alu.v,31,4
8a56b67,2026-07-20,AXI,axi_arbiter.v,11,9
523f732,2026-07-20,Decoder,decoder.v,0,8
8a56b67,2026-07-20,BranchUnit,btb.v,27,14
d68d7e7,2026-07-21,ALU,alu_div.v,31,9
e65c20f,2026-07-21,ControlUnit,power_ctrl.v,22,0
e83945c,2026-07-21,BranchUnit,btb.v,33,6
620bafb,2026-07-21,BranchUnit,branch_unit.v,29,17
886d179,2026-07-23,Cache,cache_ctrl.v,24,19
886d179,2026-07-23,ControlUnit,ctrl_unit.v,6,5
c3aa6d8,2026-07-24,Cache,cache.v,29,11
8710654,2026-07-24,ALU,alu_div.v,26,15
92e9e8c,2026-07-24,Cache,tag_array.v,43,24
2adb0d5,2026-07-24,DMA,desc_fetch.v,41,13
2adb0d5,2026-07-24,FIFO,fifo.v,4,18
c3aa6d8,2026-07-24,ALU,alu_div.v,15,15
678d992,2026-07-25,FIFO,fifo_sync.v,5,5
1204c5b,2026-07-25,ControlUnit,power_ctrl.v,14,7
1204c5b,2026-07-25,ALU,alu.v,16,2
4d2fd88,2026-07-25,Cache,cache.v,32,11
db55c85,2026-07-25,ControlUnit,fsm.v,22,5
d01234d,2026-07-25,FIFO,fifo_sync.v,27,3
eda218b,2026-07-26,Cache,cache.v,27,9
eda218b,2026-07-26,DMA,dma_ctrl.v,39,11
eda218b,2026-07-26,ControlUnit,fsm.v,11,9
11b752a,2026-07-26,Decoder,decoder.v,4,12
1e70c8f,2026-07-27,Cache,cache.v,54,10
60fbc9e,2026-07-28,FIFO,fifo.v,8,5
60fbc9e,2026-07-28,Decoder,inst_decode.v,25,6
f46dcac,2026-07-29,ALU,alu.v,18,14
d8e0b9c,2026-07-29,Cache,tag_array.v,24,21
d4d7cb5,2026-07-30,Decoder,decoder.v,9,12
2881fe7,2026-07-31,DMA,dma_ctrl.v,25,6
2881fe7,2026-07-31,Cache,tag_array.v,22,8
3198705,2026-07-31,Decoder,decoder.v,22,3
54f028e,2026-07-31,AXI,axi_arbiter.v,12,16
3198705,2026-07-31,BranchUnit,btb.v,22,10
4e63bc9,2026-07-31,BranchUnit,bht.v,35,11
3198705,2026-07-31,FIFO,fifo.v,31,11
ac38e7b,2026-08-01,DMA,desc_fetch.v,18,6
605a627,2026-08-02,ALU,alu_div.v,29,13
8b20da7,2026-08-02,FIFO,fifo_sync.v,12,0
605a627,2026-08-02,AXI,axi_master.v,18,2
605a627,2026-08-02,DMA,desc_fetch.v,37,17
fcc4176,2026-08-03,DMA,desc_fetch.v,0,10
d9db491,2026-08-04,DMA,dma_ctrl.v,3,0
5ed7de8,2026-08-04,BranchUnit,bht.v,30,10
5ed7de8,2026-08-04,Cache,cache_ctrl.v,33,12
5ed7de8,2026-08-04,AXI,axi_arbiter.v,26,0
c69bcb1,2026-08-04,DMA,dma.v,10,11
9346804,2026-08-05,DMA,desc_fetch.v,31,3
9a66561,2026-08-05,DMA,dma.v,22,12
01ee8d9,2026-08-07,ALU,alu_mul.v,32,19
61351b5,2026-08-07,AXI,axi_slave.v,14,9
5ffcb8c,2026-08-08,BranchUnit,branch_unit.v,4,9
5fa2142,2026-08-09,ControlUnit,fsm.v,15,6
6d6b554,2026-08-09,ControlUnit,ctrl_unit.v,23,2
5fa2142,2026-08-09,Decoder,inst_decode.v,14,0
6d6b554,2026-08-09,ALU,alu.v,23,9
a8211ef,2026-08-09,BranchUnit,bht.v,22,1
98b098d,2026-08-10,Decoder,decoder.v,10,6
5ff7468,2026-08-11,Cache,cache_ctrl.v,40,19
5ff7468,2026-08-11,BranchUnit,branch_unit.v,30,3
461eef9,2026-08-13,Decoder,inst_decode.v,36,4
461eef9,2026-08-13,Cache,cache_ctrl.v,51,20
bb88f76,2026-08-14,FIFO,fifo_sync.v,17,6
479b14b,2026-08-14,FIFO,fifo_sync.v,15,2
adc9287,2026-08-15,Cache,tag_array.v,44,14
3945afa,2026-08-15,FIFO,fifo.v,27,0
bf84133,2026-08-15,Cache,cache_ctrl.v,42,14
b446b58,2026-08-15,FIFO,fifo.v,0,0
b80ef74,2026-08-16,BranchUnit,btb.v,25,5
b80ef74,2026-08-16,Cache,cache_ctrl.v,20,15
505636a,2026-08-16,Decoder,inst_decode.v,11,12
441318c,2026-08-17,ControlUnit,fsm.v,6,2
bdec3c3,2026-08-18,FIFO,fifo.v,16,0
bdec3c3,2026-08-18,Cache,cache.v,28,12
2f7d46a,2026-08-18,BranchUnit,bht.v,22,11
0f2e213,2026-08-18,AXI,axi_arbiter.v,8,5
52e774b,2026-08-18,FIFO,fifo_sync.v,22,0
42d9df7,2026-08-19,ControlUnit,power_ctrl.v,12,14
42d9df7,2026-08-19,DMA,dma_ctrl.v,22,12
037d16a,2026-08-19,BranchUnit,btb.v,19,5
6ebc569,2026-08-19,AXI,axi_master.v,29,11
037d16a,2026-08-19,DMA,dma.v,32,8
885e1de,2026-08-21,Cache,cache.v,35,11
df499bf,2026-08-23,FIFO,fifo.v,21,6
df499bf,2026-08-23,AXI,axi_master.v,6,11
c7b07c8,2026-08-23,AXI,axi_slave.v,26,14
29d60a2,2026-08-24,DMA,desc_fetch.v,21,19
29d60a2,2026-08-24,Cache,cache.v,12,8
29d60a2,2026-08-24,AXI,axi_master.v,25,8
db6431d,2026-08-25,DMA,desc_fetch.v,22,12
dc4c1dd,2026-08-26,ControlUnit,fsm.v,15,6
9a795c5,2026-08-26,Decoder,decoder.v,9,0
9a795c5,2026-08-26,BranchUnit,btb.v,13,19
9a795c5,2026-08-26,AXI,axi_arbiter.v,9,9
e5d91a0,2026-08-27,DMA,dma_ctrl.v,29,7
e5d91a0,2026-08-27,ALU,alu.v,40,9
359331a,2026-08-28,ALU,alu_mul.v,23,13
7aa9df1,2026-08-29,FIFO,fifo.v,23,8
f6ff240,2026-08-29,BranchUnit,btb.v,36,5
f6ff240,2026-08-29,FIFO,fifo_sync.v,21,7
109b0b6,2026-08-29,ALU,alu.v,22,10
fc3d89d,2026-08-29,Cache,tag_array.v,30,14
f9cb612,2026-08-31,BranchUnit,bht.v,27,0
d065b51,2026-08-31,BranchUnit,branch_unit.v,26,11
d065b51,2026-08-31,Decoder,inst_decode.v,9,3
9ec7d95,2026-09-01,Cache,cache.v,24,13
9ec7d95,2026-09-01,Decoder,inst_decode.v,16,5
e21b56c,2026-09-02,Decoder,decoder.v,0,3
86296c4,2026-09-02,Cache,cache_ctrl.v,41,10
5d33764,2026-09-02,Decoder,decoder.v,31,10
86296c4,2026-09-02,Decoder,decoder.v,26,5
5d33764,2026-09-02,DMA,dma.v,26,6
25b5fed,2026-09-03,AXI,axi_master.v,15,11
c4fa665,2026-09-03,AXI,axi_arbiter.v,38,14
dad9c30,2026-09-05,ControlUnit,power_ctrl.v,11,5
510c893,2026-09-05,ControlUnit,power_ctrl.v,24,12
a656207,2026-09-06,AXI,axi_arbiter.v,16,9
f8f1f2f,2026-09-06,BranchUnit,btb.v,32,12
7f52b5c,2026-09-07,ALU,alu_div.v,46,10
7f52b5c,2026-09-07,BranchUnit,btb.v,13,11
d5cf6c0,2026-09-08,DMA,dma_ctrl.v,25,18
29a4a77,2026-09-08,Decoder,inst_decode.v,32,7
d5cf6c0,2026-09-08,ControlUnit,ctrl_unit.v,17,0
3dd37eb,2026-09-09,ControlUnit,power_ctrl.v,0,7
6d710c4,2026-09-09,AXI,axi_master.v,23,0
fd55ee9,2026-09-09,AXI,axi_slave.v,26,9
3eb94ea,2026-09-10,Decoder,decoder.v,18,7
ce0e738,2026-09-10,Cache,cache.v,43,18
adac47f,2026-09-10,DMA,dma_ctrl.v,22,18
3eb94ea,2026-09-10,ALU,alu_mul.v,46,15
dc6fd75,2026-09-11,Cache,tag_array.v,38,22
3826b70,2026-09-12,ControlUnit,power_ctrl.v,29,5
802a3c2,2026-09-12,BranchUnit,bht.v,7,6
802a3c2,2026-09-12,Cache,cache.v,39,21
3826b70,2026-09-12,ALU,alu.v,33,6
e0dc2bd,2026-09-13,ALU,alu_div.v,20,8
e0dc2bd,2026-09-13,Cache,tag_array.v,44,21
57ab2f7,2026-09-14,Decoder,decoder.v,2,9
b4de812,2026-09-14,FIFO,fifo.v,14,2
c5bab05,2026-09-14,DMA,dma.v,45,7
b4de812,2026-09-14,DMA,desc_fetch.v,22,8
cffab84,2026-09-15,BranchUnit,bht.v,13,14
cffab84,2026-09-15,Cache,cache_ctrl.v,25,17
4c6e8d4,2026-09-15,ControlUnit,ctrl_unit.v,12,8
4c6e8d4,2026-09-15,BranchUnit,btb.v,28,11
66872ba,2026-09-16,Decoder,inst_decode.v,12,1
899cbda,2026-09-16,DMA,desc_fetch.v,35,8
0b3e418,2026-09-17,ALU,alu_mul.v,32,9
bf03ce5,2026-09-18,ControlUnit,fsm.v,34,12
5794995,2026-09-19,Cache,cache.v,43,13
5794995,2026-09-19,ControlUnit,power_ctrl.v,9,7
e3b36a4,2026-09-19,DMA,desc_fetch.v,28,12
e3b36a4,2026-09-19,ALU,alu.v,24,20
e3b36a4,2026-09-19,Decoder,decoder.v,19,10
5794995,2026-09-19,ALU,alu.v,28,13
ddf25f3,2026-09-19,BranchUnit,btb.v,26,4
4fb8cd1,2026-09-20,ControlUnit,power_ctrl.v,23,2
4fb8cd1,2026-09-20,DMA,desc_fetch.v,30,3
84db59a,2026-09-21,Cache,tag_array.v,29,9
78ce7ca,2026-09-21,Cache,cache_ctrl.v,42,9
78ce7ca,2026-09-21,ALU,alu.v,14,10
0e8772c,2026-09-21,AXI,axi_master.v,31,11
67ab1da,2026-09-23,Decoder,decoder.v,31,3
01e72ed,2026-09-23,ControlUnit,ctrl_unit.v,20,0
8200907,2026-09-23,Decoder,decoder.v,15,7
8200907,2026-09-23,BranchUnit,bht.v,5,7
754cf7c,2026-09-23,Cache,cache.v,14,18
11bc898,2026-09-23,BranchUnit,bht.v,33,14
11bc898,2026-09-23,Cache,cache_ctrl.v,19,13
8200907,2026-09-23,DMA,dma_ctrl.v,21,16
16d2457,2026-09-25,BranchUnit,btb.v,19,10
16d2457,2026-09-25,Cache,cache_ctrl.v,22,8
a5ef4b5,2026-09-26,BranchUnit,btb.v,23,7
f806b7c,2026-09-27,FIFO,fifo.v,20,0
f806b7c,2026-09-27,DMA,dma.v,36,8
e5c2fb8,2026-09-27,BranchUnit,branch_unit.v,21,13
f806b7c,2026-09-27,Cache,cache_ctrl.v,31,19
0be8b89,2026-09-27,AXI,axi_master.v,16,7
0be8b89,2026-09-27,Decoder,inst_decode.v,18,5
098f4be,2026-09-27,Cache,cache.v,23,10
0be8b89,2026-09-27,ControlUnit,fsm.v,12,6
de6aa8a,2026-09-28,BranchUnit,bht.v,30,5
5ef05aa,2026-09-29,BranchUnit,bht.v,23,12
5ef05aa,2026-09-29,AXI,axi_master.v,11,6
c9a5757,2026-09-29,Cache,tag_array.v,48,19
c9a5757,2026-09-29,FIFO,fifo_sync.v,10,5
20302fc,2026-09-29,AXI,axi_arbiter.v,28,8
20302fc,2026-09-29,BranchUnit,branch_unit.v,21,17
b6d2be7,2026-09-30,AXI,axi_master.v,6,16
b6d2be7,2026-09-30,ControlUnit,ctrl_unit.v,0,11
bab5104,2026-10-01,Decoder,decoder.v,0,0
bab5104,2026-10-01,ControlUnit,ctrl_unit.v,33,5
26936a1,2026-10-01,ALU,alu_mul.v,42,14
2bb8174,2026-10-01,DMA,dma.v,30,17
2bb8174,2026-10-01,ALU,alu_div.v,33,10
c41b917,2026-10-01,Cache,cache_ctrl.v,41,11
4f5266c,2026-10-02,DMA,desc_fetch.v,31,6
4f5266c,2026-10-02,AXI,axi_master.v,19,3
ac95170,2026-10-03,FIFO,fifo_sync.v,15,12
ac95170,2026-10-03,Decoder,decoder.v,17,7
ea33d6e,2026-10-04,AXI,axi_slave.v,32,17
9a6f603,2026-10-04,FIFO,fifo.v,0,13
1a05ac8,2026-10-04,ALU,alu_mul.v,12,1
9a6f603,2026-10-04,AXI,axi_arbiter.v,31,3
1a05ac8,2026-10-04,Decoder,decoder.v,21,0
9a6f603,2026-10-04,BranchUnit,branch_unit.v,24,11
82a5ad8,2026-10-05,DMA,dma_ctrl.v,14,16
82a5ad8,2026-10-05,AXI,axi_slave.v,25,4
82a5ad8,2026-10-05,ControlUnit,fsm.v,20,2
f42a228,2026-10-05,AXI,axi_arbiter.v,13,15
ffac562,2026-10-05,ControlUnit,ctrl_unit.v,13,5
2931436,2026-10-06,Cache,cache_ctrl.v,53,18
7b35e12,2026-10-07,DMA,dma_ctrl.v,10,15
7b35e12,2026-10-07,ALU,alu_mul.v,21,18
8cbcf9f,2026-10-08,Cache,cache.v,27,15
4b7936d,2026-10-09,DMA,desc_fetch.v,20,6
390c788,2026-10-09,Cache,cache.v,31,6
390c788,2026-10-09,DMA,desc_fetch.v,40,19
31a7f56,2026-10-09,FIFO,fifo_sync.v,18,5
1654b0d,2026-10-10,ALU,alu_div.v,22,15
e1c41c7,2026-10-10,ALU,alu.v,19,7
e1c41c7,2026-10-10,DMA,desc_fetch.v,37,17
7850c1b,2026-10-12,ALU,alu.v,27,17
0f1052b,2026-10-14,ControlUnit,power_ctrl.v,20,12
400c8a8,2026-10-15,BranchUnit,branch_unit.v,24,0
31720fd,2026-10-16,Cache,cache_ctrl.v,28,16
1e27abf,2026-10-16,Cache,cache_ctrl.v,28,9
62ed8eb,2026-10-16,DMA,dma_ctrl.v,20,5
2fdcf7b,2026-10-17,DMA,dma.v,34,7
4309d25,2026-10-18,ControlUnit,ctrl_unit.v,15,3
8a1a067,2026-10-19,ControlUnit,fsm.v,3,3
8a1a067,2026-10-19,FIFO,fifo.v,15,0
8a1a067,2026-10-19,Decoder,inst_decode.v,4,0
d01aefb,2026-10-20,Decoder,inst_decode.v,24,17
d01aefb,2026-10-20,ControlUnit,ctrl_unit.v,21,10
f112d19,2026-10-20,Cache,cache_ctrl.v,34,19
f112d19,2026-10-20,Decoder,inst_decode.v,21,7
d01aefb,2026-10-20,DMA,dma.v,18,3
52f0f42,2026-10-21,DMA,dma.v,19,10
52f0f42,2026-10-21,ALU,alu.v,32,13
03b5cb0,2026-10-21,Cache,cache_ctrl.v,38,13
cdf1a0b,2026-10-21,Cache,cache_ctrl.v,23,12
03b5cb0,2026-10-21,DMA,dma_ctrl.v,20,11
f7ca410,2026-10-21,ControlUnit,ctrl_unit.v,18,5
ad9f4b3,2026-10-22,ALU,alu_div.v,57,17
ad9f4b3,2026-10-22,ControlUnit,power_ctrl.v,4,0
ad9f4b3,2026-10-22,FIFO,fifo_sync.v,5,2
ad052f2,2026-10-22,BranchUnit,bht.v,28,13
9042611,2026-10-23,DMA,desc_fetch.v,27,25
a244266,2026-10-23,DMA,desc_fetch.v,38,7
a244266,2026-10-23,AXI,axi_arbiter.v,10,9
9042611,2026-10-23,Decoder,decoder.v,11,1
a244266,2026-10-23,ControlUnit,power_ctrl.v,12,11
56dc9c3,2026-10-24,ALU,alu_mul.v,35,0
8431217,2026-10-24,ControlUnit,ctrl_unit.v,5,4
dca7946,2026-10-24,Decoder,inst_decode.v,9,11
7f4e71d,2026-10-24,ControlUnit,ctrl_unit.v,23,12
5c0aa1e,2026-10-26,Cache,cache.v,33,14
5c0aa1e,2026-10-26,DMA,desc_fetch.v,28,16
17515c7,2026-10-27,Decoder,decoder.v,12,6
3fc3759,2026-10-28,AXI,axi_master.v,10,4
3fc3759,2026-10-28,Cache,cache.v,33,15
9a06acd,2026-10-29,ControlUnit,fsm.v,25,5
9a06acd,2026-10-29,BranchUnit,btb.v,10,8
13af71c,2026-10-29,AXI,axi_master.v,39,4
9a06acd,2026-10-29,ALU,alu.v,33,20
33a8dfa,2026-10-30,Cache,cache.v,42,15
33a8dfa,2026-10-30,AXI,axi_slave.v,20,11
f503789,2026-10-30,ControlUnit,ctrl_unit.v,40,4
33a8dfa,2026-10-30,ALU,alu_div.v,20,15
f503789,2026-10-30,FIFO,fifo_sync.v,11,9
6ea377f,2026-10-30,FIFO,fifo_sync.v,0,10
f171cc2,2026-10-30,Cache,tag_array.v,38,7
f171cc2,2026-10-30,ControlUnit,fsm.v,24,9
f171cc2,2026-10-30,AXI,axi_master.v,4,5
13a32e9,2026-10-30,ControlUnit,fsm.v,25,5
c388025,2026-10-30,Cache,tag_array.v,31,12
0cd87f0,2026-10-31,BranchUnit,branch_unit.v,27,8
0cd87f0,2026-10-31,FIFO,fifo_sync.v,25,8
5b13cb7,2026-10-31,Cache,tag_array.v,37,14
f638828,2026-11-01,AXI,axi_arbiter.v,11,12
a801c36,2026-11-01,BranchUnit,branch_unit.v,15,12
1526996,2026-11-02,AXI,axi_slave.v,0,6
1526996,2026-11-02,Cache,cache.v,25,15
4b08c88,2026-11-02,DMA,dma_ctrl.v,9,15
3938f5c,2026-11-03,Decoder,decoder.v,13,1
3938f5c,2026-11-03,DMA,dma_ctrl.v,21,5
3938f5c,2026-11-03,ControlUnit,power_ctrl.v,23,4
3483b40,2026-11-05,Decoder,decoder.v,1,6
eb32f7e,2026-11-05,BranchUnit,bht.v,27,11
3483b40,2026-11-05,ControlUnit,ctrl_unit.v,0,5
3483b40,2026-11-05,Cache,cache.v,21,4
d7d9f1e,2026-11-06,BranchUnit,bht.v,19,6
6fe9a1e,2026-11-07,BranchUnit,btb.v,24,6
b2435ad,2026-11-07,ALU,alu.v,22,5
c53cb47,2026-11-08,FIFO,fifo.v,30,0
70de83c,2026-11-08,DMA,desc_fetch.v,16,18
eb743ac,2026-11-11,DMA,dma_ctrl.v,15,3
6208c24,2026-11-14,ControlUnit,fsm.v,11,5
6a374b7,2026-11-14,ControlUnit,ctrl_unit.v,11,0
c89fbae,2026-11-14,BranchUnit,branch_unit.v,40,17
9cfe914,2026-11-15,BranchUnit,btb.v,31,12
3c61694,2026-11-15,FIFO,fifo_sync.v,15,3
9cfe914,2026-11-15,Cache,tag_array.v,34,11
c9c7894,2026-11-17,AXI,axi_arbiter.v,27,28
c9c7894,2026-11-17,FIFO,fifo.v,23,7
a06b1c0,2026-11-18,FIFO,fifo.v,5,13
a06b1c0,2026-11-18,Cache,cache_ctrl.v,26,13
9322b96,2026-11-18,Decoder,decoder.v,16,0
9322b96,2026-11-18,BranchUnit,bht.v,0,8
9322b96,2026-11-18,DMA,desc_fetch.v,26,13
a06b1c0,2026-11-18,DMA,dma_ctrl.v,45,7
1f7393e,2026-11-19,AXI,axi_slave.v,9,3
f5c113b,2026-11-20,DMA,dma_ctrl.v,20,12
d4bce8f,2026-11-20,BranchUnit,branch_unit.v,21,8
c38579a,2026-11-21,BranchUnit,bht.v,16,13
8990ffd,2026-11-21,Cache,cache.v,19,15
8990ffd,2026-11-21,AXI,axi_arbiter.v,14,10
c38579a,2026-11-21,Decoder,inst_decode.v,3,9
42b450d,2026-11-22,ControlUnit,ctrl_unit.v,28,17
42b450d,2026-11-22,Decoder,decoder.v,0,2
b2bff6f,2026-11-23,FIFO,fifo.v,16,8
b3655bc,2026-11-23,ALU,alu.v,12,1
35b59b5,2026-11-23,DMA,dma_ctrl.v,38,8
699af5c,2026-11-24,FIFO,fifo_sync.v,16,10
2ebb462,2026-11-24,BranchUnit,bht.v,15,15
2ebb462,2026-11-24,DMA,dma.v,25,12
d0092a0,2026-11-24,Cache,cache_ctrl.v,49,12
5f5073c,2026-11-25,BranchUnit,branch_unit.v,23,9
5f5073c,2026-11-25,ControlUnit,ctrl_unit.v,18,5
60c963f,2026-11-26,ControlUnit,power_ctrl.v,40,11
569324e,2026-11-26,Decoder,inst_decode.v,9,6
60c963f,2026-11-26,FIFO,fifo.v,21,0
569324e,2026-11-26,AXI,axi_master.v,14,2
b7e5229,2026-11-27,FIFO,fifo_sync.v,20,9
90c4c75,2026-11-27,Decoder,inst_decode.v,0,0
90c4c75,2026-11-27,ALU,alu.v,22,16
90c4c75,2026-11-27,Cache,tag_array.v,19,5
d9c2874,2026-11-27,ControlUnit,ctrl_unit.v,13,0
fe63b2b,2026-11-28,Decoder,inst_decode.v,13,2
0ca158f,2026-11-28,ALU,alu_mul.v,15,9
e2e569d,2026-11-29,ControlUnit,power_ctrl.v,21,14
106f98b,2026-11-30,Cache,tag_array.v,21,18
64a7a06,2026-12-01,DMA,dma_ctrl.v,17,13
58e401d,2026-12-03,Cache,cache_ctrl.v,23,13
1e7979c,2026-12-04,Cache,cache_ctrl.v,18,16
4738eb2,2026-12-05,Decoder,decoder.v,20,10
6426fae,2026-12-05,BranchUnit,bht.v,30,11
723ec0a,2026-12-05,Decoder,decoder.v,13,7
723ec0a,2026-12-05,ALU,alu.v,30,15
4738eb2,2026-12-05,DMA,dma.v,29,0
b0608dc,2026-12-06,DMA,desc_fetch.v,14,14
b0608dc,2026-12-06,FIFO,fifo_sync.v,24,15
ae9922b,2026-12-07,Cache,cache_ctrl.v,25,6
a91a992,2026-12-07,BranchUnit,branch_unit.v,13,0
ae9922b,2026-12-07,FIFO,fifo.v,9,5
a91a992,2026-12-07,FIFO,fifo.v,18,3
a14de3b,2026-12-08,Decoder,decoder.v,10,4
51219ef,2026-12-08,FIFO,fifo.v,3,7
fcc9b92,2026-12-09,BranchUnit,bht.v,27,15
08d2c7b,2026-12-09,Cache,cache.v,33,14
5a7be64,2026-12-09,Cache,cache_ctrl.v,40,13
5a7be64,2026-12-09,FIFO,fifo_sync.v,0,2
5a7be64,2026-12-09,ControlUnit,ctrl_unit.v,17,6
fcc9b92,2026-12-09,Decoder,decoder.v,34,10
61db3c1,2026-12-10,DMA,dma_ctrl.v,34,9
a175155,2026-12-10,Decoder,inst_decode.v,10,6
a175155,2026-12-10,BranchUnit,btb.v,14,8
2a12370,2026-12-11,FIFO,fifo.v,19,1
6acc363,2026-12-11,ALU,alu_mul.v,34,10
2a12370,2026-12-11,ControlUnit,fsm.v,19,20
5631d7a,2026-12-12,ALU,alu_mul.v,32,13
5631d7a,2026-12-12,ControlUnit,ctrl_unit.v,23,5
0f1b7cb,2026-12-13,BranchUnit,branch_unit.v,32,3
31667ba,2026-12-13,BranchUnit,bht.v,18,16
0df2d5a,2026-12-13,AXI,axi_master.v,12,9
0f1b7cb,2026-12-13,ControlUnit,ctrl_unit.v,5,11
ecaae68,2026-12-13,AXI,axi_master.v,21,7
75454af,2026-12-14,Cache,tag_array.v,36,3
d7b0f31,2026-12-14,ALU,alu.v,31,10
f8791bd,2026-12-14,ControlUnit,ctrl_unit.v,22,2
f8791bd,2026-12-14,DMA,dma_ctrl.v,46,4
5e264b3,2026-12-15,Decoder,decoder.v,14,6
43cf4b0,2026-12-15,DMA,dma.v,41,14
dbf9593,2026-12-16,Decoder,inst_decode.v,6,0
7651267,2026-12-17,ControlUnit,fsm.v,12,8
7651267,2026-12-17,ALU,alu_mul.v,45,18
7651267,2026-12-17,DMA,dma_ctrl.v,13,13
d8b96b7,2026-12-17,BranchUnit,bht.v,9,7
3dd5c11,2026-12-17,ALU,alu_div.v,22,12
d8b96b7,2026-12-17,Decoder,decoder.v,23,8
bf0c343,2026-12-19,FIFO,fifo_sync.v,3,1
8f2f801,2026-12-19,DMA,desc_fetch.v,24,14
8f2f801,2026-12-19,BranchUnit,btb.v,28,5
d43c957,2026-12-20,ControlUnit,power_ctrl.v,22,4
218a5dc,2026-12-20,DMA,dma.v,4,15
739049d,2026-12-20,ALU,alu.v,32,3
e16045b,2026-12-21,DMA,desc_fetch.v,15,6
86489b2,2026-12-21,ControlUnit,ctrl_unit.v,16,0
f39d3b4,2026-12-23,BranchUnit,btb.v,5,4
0a7ba26,2026-12-23,DMA,dma.v,19,9
f39d3b4,2026-12-23,Decoder,decoder.v,22,10
a46f2f7,2026-12-24,DMA,dma_ctrl.v,17,8
a46f2f7,2026-12-24,Decoder,decoder.v,4,6
a72aeec,2026-12-24,AXI,axi_slave.v,26,11
124b941,2026-12-24,BranchUnit,btb.v,26,7
a46f2f7,2026-12-24,ALU,alu_div.v,18,14
b869ece,2026-12-25,Cache,cache.v,22,9
80fa66d,2026-12-26,DMA,dma_ctrl.v,27,5
8588753,2026-12-26,BranchUnit,branch_unit.v,24,13
f726bb4,2026-12-27,FIFO,fifo.v,25,8
5bbdab7,2026-12-27,Decoder,inst_decode.v,23,0
3022a93,2026-12-27,FIFO,fifo.v,16,2
794bb1b,2026-12-27,ControlUnit,fsm.v,22,14
5bbdab7,2026-12-27,ControlUnit,fsm.v,33,10
5bbdab7,2026-12-27,AXI,axi_arbiter.v,35,2
cdc9892,2026-12-28,AXI,axi_arbiter.v,16,10
b598694,2026-12-29,DMA,dma_ctrl.v,31,10
7fc3c95,2026-12-29,Decoder,decoder.v,13,3
7fc3c95,2026-12-29,BranchUnit,bht.v,21,11
f241547,2026-12-31,ControlUnit,fsm.v,9,3
7a45e7c,2026-01-01,FIFO,fifo.v,11,4
cbb778e,2026-01-01,Decoder,inst_decode.v,5,13
89dd787,2026-01-01,Cache,cache.v,24,12
cecc9aa,2026-01-01,ControlUnit,fsm.v,6,5
4660b93,2026-01-02,ControlUnit,fsm.v,14,1
4660b93,2026-01-02,FIFO,fifo_sync.v,19,7
1a3d295,2026-01-03,Decoder,inst_decode.v,16,9
1a3d295,2026-01-03,DMA,dma_ctrl.v,28,18
1a3d295,2026-01-03,ALU,alu_div.v,15,19
206ec4b,2026-01-04,ControlUnit,fsm.v,22,14
206ec4b,2026-01-04,BranchUnit,branch_unit.v,34,4
206ec4b,2026-01-04,Decoder,decoder.v,20,0
e4fae73,2026-01-05,AXI,axi_master.v,14,18
c440ca3,2026-01-06,Decoder,decoder.v,24,12
c440ca3,2026-01-06,ALU,alu_mul.v,47,11
65610b1,2026-01-07,Decoder,inst_decode.v,17,6
463a585,2026-01-07,FIFO,fifo_sync.v,24,14
2941a90,2026-01-09,ControlUnit,ctrl_unit.v,20,10
2941a90,2026-01-09,FIFO,fifo_sync.v,13,2
2941a90,2026-01-09,AXI,axi_arbiter.v,30,12
6b15e2c,2026-01-09,Cache,tag_array.v,23,17
8133553,2026-01-09,AXI,axi_master.v,23,13
6b15e2c,2026-01-09,ALU,alu_div.v,36,18
8133553,2026-01-09,ControlUnit,power_ctrl.v,28,0
9cddeba,2026-01-10,DMA,desc_fetch.v,28,5
52d5f56,2026-01-11,Decoder,inst_decode.v,20,4
9f3adad,2026-01-11,BranchUnit,btb.v,22,6
ad81dd4,2026-01-12,ControlUnit,power_ctrl.v,15,7
69e86fe,2026-01-12,BranchUnit,btb.v,16,13
2b66463,2026-01-12,AXI,axi_arbiter.v,16,8
2b66463,2026-01-12,Cache,tag_array.v,40,13
4c3035d,2026-01-14,BranchUnit,bht.v,8,7
e2d95ac,2026-01-14,Decoder,decoder.v,17,0
84e5f50,2026-01-15,Decoder,inst_decode.v,8,7
84e5f50,2026-01-15,FIFO,fifo_sync.v,8,10
d9bf9cc,2026-01-15,ControlUnit,power_ctrl.v,22,2
6881189,2026-01-17,BranchUnit,branch_unit.v,21,8
9b6e894,2026-01-17,DMA,desc_fetch.v,34,8
dc41754,2026-01-17,DMA,dma_ctrl.v,7,11
c27fd8b,2026-01-18,AXI,axi_arbiter.v,24,13
294f1c9,2026-01-19,DMA,dma_ctrl.v,23,10
294f1c9,2026-01-19,BranchUnit,btb.v,34,15
d657e6f,2026-01-19,Cache,cache.v,36,6
d657e6f,2026-01-19,DMA,dma.v,34,14
d746c3b,2026-01-21,FIFO,fifo.v,4,0
0a4d0a4,2026-01-21,BranchUnit,bht.v,25,14
f2c0bf3,2026-01-21,Decoder,inst_decode.v,7,2
2bedec3,2026-01-22,ControlUnit,ctrl_unit.v,28,10
2bedec3,2026-01-22,AXI,axi_slave.v,34,10
946114f,2026-01-22,AXI,axi_arbiter.v,22,0
2bedec3,2026-01-22,ALU,alu.v,34,4
a98a458,2026-01-23,AXI,axi_slave.v,19,19
bc23fcc,2026-01-23,ALU,alu_mul.v,29,19
bc23fcc,2026-01-23,DMA,desc_fetch.v,27,7
dde2124,2026-01-23,Cache,tag_array.v,30,9
5813918,2026-01-24,Cache,tag_array.v,49,20
08084f0,2026-01-25,ControlUnit,ctrl_unit.v,17,3
08084f0,2026-01-25,BranchUnit,branch_unit.v,23,0
5b8e95a,2026-01-25,AXI,axi_arbiter.v,26,3
27885c7,2026-01-25,ControlUnit,fsm.v,0,9
27885c7,2026-01-25,BranchUnit,bht.v,20,10
d5c9cdf,2026-01-26,ALU,alu_div.v,25,9
d5c9cdf,2026-01-26,AXI,axi_arbiter.v,46,10
e86faeb,2026-01-27,Decoder,decoder.v,2,7
7fd2d9c,2026-01-27,AXI,axi_arbiter.v,42,3
7fd2d9c,2026-01-27,Decoder,inst_decode.v,10,7
9f46cda,2026-01-29,Decoder,inst_decode.v,22,0
9f46cda,2026-01-29,FIFO,fifo_sync.v,9,7
770f5b8,2026-01-29,AXI,axi_arbiter.v,38,4
9f46cda,2026-01-29,BranchUnit,branch_unit.v,36,7
34eee52,2026-01-30,AXI,axi_arbiter.v,28,10
b2b7014,2026-01-30,BranchUnit,branch_unit.v,28,16
282eff8,2026-01-31,BranchUnit,btb.v,20,11
c313a91,2026-01-31,AXI,axi_arbiter.v,26,4
c313a91,2026-01-31,FIFO,fifo.v,16,13
ae434a2,2026-01-31,ALU,alu_div.v,32,14
282eff8,2026-01-31,ALU,alu.v,33,2
c313a91,2026-01-31,ALU,alu_div.v,35,15
07455c4,2026-02-01,Decoder,decoder.v,0,0
ed509ec,2026-02-02,FIFO,fifo.v,10,6
2759a64,2026-02-02,BranchUnit,btb.v,43,5
35def0a,2026-02-03,AXI,axi_master.v,8,18
35def0a,2026-02-03,ALU,alu_div.v,37,11
1f4f87f,2026-02-03,AXI,axi_master.v,27,4
2cea1b0,2026-02-05,DMA,dma_ctrl.v,37,4
2cea1b0,2026-02-05,ALU,alu_mul.v,19,8
7f5badd,2026-02-05,FIFO,fifo_sync.v,22,5
97206d6,2026-02-06,FIFO,fifo_sync.v,30,0
850a615,2026-02-06,AXI,axi_master.v,5,3
fa1fcef,2026-02-07,Decoder,inst_decode.v,9,0
cc7e9a9,2026-02-07,DMA,dma_ctrl.v,28,19
cc7e9a9,2026-02-07,Decoder,inst_decode.v,28,10
cc7e9a9,2026-02-07,FIFO,fifo.v,42,0
fa1fcef,2026-02-07,Cache,cache.v,16,16
7f6fee4,2026-02-09,ALU,alu_mul.v,20,14
6b3cc11,2026-02-09,FIFO,fifo_sync.v,6,3
7f6fee4,2026-02-09,AXI,axi_slave.v,22,15
7f6fee4,2026-02-09,FIFO,fifo.v,14,6
fc8a8e1,2026-02-10,Decoder,decoder.v,22,2
4cc9c83,2026-02-11,BranchUnit,branch_unit.v,43,5
153ae30,2026-02-12,Decoder,inst_decode.v,14,19
8cb22c4,2026-02-12,ALU,alu_mul.v,18,19
155ab96,2026-02-13,FIFO,fifo_sync.v,35,0
3bcd4a4,2026-02-13,FIFO,fifo.v,13,6
3bcd4a4,2026-02-13,ALU,alu.v,18,17
3bcd4a4,2026-02-13,AXI,axi_master.v,28,18
46ed8bc,2026-02-15,DMA,dma_ctrl.v,24,7
ecbb6a5,2026-02-16,Decoder,decoder.v,25,0
f7886a2,2026-02-16,DMA,dma.v,34,0
9705164,2026-02-16,AXI,axi_slave.v,28,15
9705164,2026-02-16,ALU,alu_mul.v,38,4
3cb87d5,2026-02-18,DMA,desc_fetch.v,34,7
40d2369,2026-02-18,ControlUnit,ctrl_unit.v,16,10
40d2369,2026-02-18,FIFO,fifo_sync.v,0,12
40d2369,2026-02-18,Cache,cache.v,36,11
e916208,2026-02-18,BranchUnit,branch_unit.v,23,4
5eca2f6,2026-02-19,Decoder,decoder.v,22,0
5eca2f6,2026-02-19,AXI,axi_slave.v,27,11
4df921a,2026-02-20,BranchUnit,branch_unit.v,23,9
84df386,2026-02-21,Cache,cache.v,38,20
e32c262,2026-02-22,BranchUnit,bht.v,30,13
42d07e0,2026-02-23,ALU,alu_div.v,35,11
9fbc249,2026-02-23,BranchUnit,btb.v,21,4
10b051c,2026-02-24,DMA,desc_fetch.v,17,5
10b051c,2026-02-24,AXI,axi_master.v,27,14
10b051c,2026-02-24,Decoder,inst_decode.v,7,7
0415e21,2026-02-27,Decoder,inst_decode.v,25,3
de6d573,2026-02-27,Decoder,decoder.v,0,0
42244c5,2026-02-27,ControlUnit,power_ctrl.v,20,0
0415e21,2026-02-27,Cache,tag_array.v,36,18
989f2f7,2026-02-28,Decoder,inst_decode.v,31,5
989f2f7,2026-02-28,BranchUnit,branch_unit.v,8,11
989f2f7,2026-02-28,DMA,dma.v,25,7
5f61422,2026-02-28,ControlUnit,power_ctrl.v,0,3
